{"assets/icons/add.png":["assets/icons/add.png"],"assets/icons/add_to_list.png":["assets/icons/add_to_list.png"],"assets/icons/address.png":["assets/icons/address.png"],"assets/icons/admin.png":["assets/icons/admin.png"],"assets/icons/admin_minus.png":["assets/icons/admin_minus.png"],"assets/icons/arrow.png":["assets/icons/arrow.png"],"assets/icons/back.png":["assets/icons/back.png"],"assets/icons/check.png":["assets/icons/check.png"],"assets/icons/circle_delete.png":["assets/icons/circle_delete.png"],"assets/icons/close.png":["assets/icons/close.png"],"assets/icons/comment.png":["assets/icons/comment.png"],"assets/icons/copy.png":["assets/icons/copy.png"],"assets/icons/date.png":["assets/icons/date.png"],"assets/icons/delete.png":["assets/icons/delete.png"],"assets/icons/delivery_date.png":["assets/icons/delivery_date.png"],"assets/icons/edit.png":["assets/icons/edit.png"],"assets/icons/exit.png":["assets/icons/exit.png"],"assets/icons/filter.png":["assets/icons/filter.png"],"assets/icons/for_me.png":["assets/icons/for_me.png"],"assets/icons/for_user.png":["assets/icons/for_user.png"],"assets/icons/group.png":["assets/icons/group.png"],"assets/icons/important.png":["assets/icons/important.png"],"assets/icons/list.png":["assets/icons/list.png"],"assets/icons/more.png":["assets/icons/more.png"],"assets/icons/notification_fill.png":["assets/icons/notification_fill.png"],"assets/icons/notifications.png":["assets/icons/notifications.png"],"assets/icons/participants.png":["assets/icons/participants.png"],"assets/icons/paste.png":["assets/icons/paste.png"],"assets/icons/radio_button.png":["assets/icons/radio_button.png"],"assets/icons/radio_button_confirm.png":["assets/icons/radio_button_confirm.png"],"assets/icons/radio_button_unconfirm.png":["assets/icons/radio_button_unconfirm.png"],"assets/icons/remind.png":["assets/icons/remind.png"],"assets/icons/search.png":["assets/icons/search.png"],"assets/icons/star.png":["assets/icons/star.png"],"assets/icons/star_filled.png":["assets/icons/star_filled.png"],"assets/icons/star_outline.png":["assets/icons/star_outline.png"],"assets/icons/tasks.png":["assets/icons/tasks.png"],"assets/icons/team.png":["assets/icons/team.png"],"assets/icons/user.png":["assets/icons/user.png"],"assets/images/app_icon.png":["assets/images/app_icon.png"],"assets/images/background_login_image.png":["assets/images/background_login_image.png"],"assets/images/background_register_image.png":["assets/images/background_register_image.png"],"assets/images/moydodyrof_logo.jpg":["assets/images/moydodyrof_logo.jpg"],"packages/cupertino_icons/assets/CupertinoIcons.ttf":["packages/cupertino_icons/assets/CupertinoIcons.ttf"]}